,customer_id,age,gender,city,country,income,signup_date,tenure_days,recency_days,frequency,monetary,favorite_brands,preferred_categories,avg_order_value,discount_usage_rate,cart_abandonment_rate,devices_used,email_opens,email_clicks,email_unsubscribes,Cluster
0,1,46,Female,Melbourne,Australia,69247.8,2024-11-10,208,11,13,1179.62,"Zara, Levis",Accessories,90.74,0.17,0.55,"Desktop, Mobile",39,16,0,1
1,2,46,Female,Beijing,China,48027.22,2024-12-11,177,28,11,269.72,"H&M, Levis",Dresses,24.52,0.48,0.55,"Desktop, Mobile",33,11,0,0
2,3,22,Male,Manchester,UK,25289.18,2024-09-23,256,2,13,1726.14,"Levis, Zara",T-Shirts,132.78,0.03,0.43,"Mobile, Desktop",39,15,0,2
3,4,62,Male,Jakarta,Indonesia,42593.75,2025-01-13,144,28,8,842.8,"Levis, Zara",Jeans,105.35,0.39,0.16,"Mobile, Desktop",16,7,0,4
4,5,32,Female,Prague,Czech Republic,49163.62,2024-04-09,423,6,19,575.32,"H&M, Levis",Accessories,30.28,0.24,0.43,Desktop,38,16,0,0
5,6,52,Male,Shanghai,China,56727.69,2024-03-11,452,29,19,809.02,"Levis, Zara",T-Shirts,42.58,0.45,0.31,"Desktop, Mobile",19,4,0,2
6,7,49,Male,New York,USA,42898.99,2023-11-24,560,21,7,990.99,"H&M, Levis",T-Shirts,141.57,0.36,0.46,"Desktop, Mobile",21,6,0,2
7,8,53,Female,Los Angeles,USA,54782.59,2024-01-10,513,31,7,831.53,"Levis, H&M",Accessories,118.79,0.42,0.08,Desktop,7,3,0,3
8,9,57,Male,Mumbai,India,44369.64,2024-02-19,473,2,13,1688.57,"Zara, H&M",T-Shirts,129.89,0.01,0.33,Desktop,26,12,0,2
9,10,38,Male,Melbourne,Australia,45277.66,2023-09-12,633,18,8,1008.0,"Zara, Levis",Jeans,126.0,0.33,0.37,"Mobile, Desktop",8,3,0,4
10,11,49,Male,Lyon,France,41851.7,2023-10-08,607,17,18,1272.06,"H&M, Levis",Jeans,70.67,0.03,0.56,Mobile,18,10,0,4
11,12,22,Female,Budapest,Hungary,18352.12,2024-12-03,185,23,16,2209.12,"H&M, Levis",Accessories,138.07,0.21,0.41,"Mobile, Desktop",48,24,0,0
12,13,35,Male,Zurich,Switzerland,61213.83,2025-01-15,142,35,7,203.84,"Levis, H&M",Jeans,29.12,0.09,0.27,"Mobile, Desktop",14,2,0,4
13,14,55,Male,Lisbon,Portugal,44536.32,2024-05-10,392,14,16,1996.96,"Zara, Levis",Jeans,124.81,0.16,0.32,"Mobile, Desktop",32,13,0,4
14,15,42,Male,Seoul,South Korea,50713.21,2025-03-30,68,8,15,1256.55,"H&M, Zara",T-Shirts,83.77,0.37,0.14,Desktop,45,23,0,2
15,16,29,Female,Helsinki,Finland,53004.19,2023-06-25,712,31,6,574.08,"H&M, Zara",Accessories,95.68,0.13,0.42,Mobile,18,10,0,3
16,17,50,Male,Shanghai,China,46700.71,2023-06-26,711,2,20,1951.6,"Levis, Zara",T-Shirts,97.58,0.01,0.41,"Desktop, Mobile",40,22,0,2
17,18,40,Male,Rome,Italy,86857.21,2024-08-18,292,5,20,530.0,"H&M, Zara",Jeans,26.5,0.09,0.16,Desktop,40,16,0,4
18,19,60,Female,Seoul,South Korea,56408.93,2023-07-29,678,24,16,2091.68,"Zara, H&M",Accessories,130.73,0.44,0.53,Mobile,48,18,0,0
19,20,29,Male,New York,USA,51865.22,2023-09-11,634,15,6,485.46,"Levis, H&M",Jeans,80.91,0.02,0.3,"Desktop, Mobile",12,3,0,4
20,21,47,Female,Sydney,Australia,80711.76,2024-10-14,235,110,1,85.43,"Levis, H&M",Dresses,85.43,0.72,0.61,Mobile,3,0,2,3
21,22,39,Female,Jakarta,Indonesia,70726.04,2025-03-30,68,53,9,337.41,"H&M, Levis",Dresses,37.49,0.45,0.16,Mobile,27,7,0,0
22,23,22,Female,Sydney,Australia,20018.8,2023-08-22,654,23,11,1222.87,"H&M, Levis",Accessories,111.17,0.02,0.34,Desktop,33,18,0,0
23,24,47,Female,New York,USA,56750.29,2024-01-27,496,53,9,192.33,"Levis, H&M",Dresses,21.37,0.02,0.17,"Desktop, Mobile",27,14,0,0
24,25,30,Female,Istanbul,Turkey,34720.88,2024-12-08,180,38,7,733.11,"Zara, Levis",Accessories,104.73,0.03,0.52,"Desktop, Mobile",21,8,0,1
25,26,20,Female,Rotterdam,Netherlands,15338.47,2024-12-19,169,59,5,114.2,"Levis, H&M",Dresses,22.84,0.26,0.29,Desktop,5,1,1,3
26,27,40,Female,Lisbon,Portugal,60471.34,2023-12-10,544,33,7,736.47,"Levis, H&M",Accessories,105.21,0.18,0.39,Desktop,21,12,0,0
27,28,48,Female,Madrid,Spain,84038.51,2023-08-08,668,27,11,1265.11,"Zara, Levis",Accessories,115.01,0.4,0.49,Mobile,33,19,0,1
28,29,18,Male,Seoul,South Korea,25400.26,2024-10-08,241,40,6,619.56,"H&M, Levis",Jeans,103.26,0.02,0.39,Desktop,12,5,0,4
29,30,18,Male,Zurich,Switzerland,22564.01,2024-03-04,459,16,16,1787.84,"Levis, H&M",T-Shirts,111.74,0.15,0.55,"Desktop, Mobile",32,9,0,2
30,31,47,Female,Budapest,Hungary,64559.5,2025-01-03,154,14,20,1129.4,"Levis, Zara",Dresses,56.47,0.1,0.23,Desktop,60,28,0,1
31,32,25,Female,Melbourne,Australia,49511.86,2025-01-21,136,43,6,633.36,"H&M, Levis",Dresses,105.56,0.26,0.11,"Desktop, Mobile",12,4,0,0
32,33,23,Male,Lisbon,Portugal,26666.13,2024-12-29,159,160,5,327.2,"H&M, Zara",Jeans,65.44,0.39,0.46,"Mobile, Desktop",15,7,2,3
33,34,55,Female,Rome,Italy,51630.53,2025-05-16,21,15,15,1663.65,"Levis, H&M",Accessories,110.91,0.44,0.47,"Mobile, Desktop",45,10,0,0
34,35,46,Male,Chicago,USA,65395.46,2024-04-23,409,3,11,1375.66,"H&M, Levis",T-Shirts,125.06,0.09,0.38,"Desktop, Mobile",22,6,0,2
35,36,60,Female,Vienna,Austria,41737.19,2023-09-06,639,14,12,558.6,"Levis, Zara",Dresses,46.55,0.46,0.22,Desktop,24,8,0,1
36,37,30,Female,Johannesburg,South Africa,49436.36,2024-07-14,327,34,8,775.36,"H&M, Levis",Accessories,96.92,0.23,0.5,"Desktop, Mobile",16,3,0,0
37,38,30,Female,Copenhagen,Denmark,40394.04,2024-10-01,248,18,15,1625.85,"H&M, Zara",Dresses,108.39,0.47,0.19,"Mobile, Desktop",45,17,0,0
38,39,55,Female,Madrid,Spain,33903.12,2023-11-19,565,5,12,911.16,"Zara, Levis",Dresses,75.93,0.09,0.06,Desktop,12,5,0,1
39,40,24,Male,Munich,Germany,30321.05,2025-05-02,35,12,18,2509.2,"Zara, Levis",T-Shirts,139.4,0.44,0.39,Desktop,36,11,0,2
40,41,59,Male,Rome,Italy,36766.68,2023-10-21,594,5,17,1763.41,"Zara, H&M",T-Shirts,103.73,0.05,0.34,Desktop,51,16,0,2
41,42,51,Female,Riyadh,Saudi Arabia,35250.96,2024-03-24,439,14,16,2113.28,"Levis, H&M",Dresses,132.08,0.03,0.44,Mobile,32,8,0,0
42,43,52,Female,Munich,Germany,35069.99,2024-10-21,228,13,13,862.03,"Zara, Levis",Dresses,66.31,0.25,0.19,"Desktop, Mobile",26,7,0,1
43,44,59,Female,Jakarta,Indonesia,49869.24,2025-04-08,59,15,17,1504.33,"Levis, H&M",Accessories,88.49,0.06,0.18,"Desktop, Mobile",17,4,0,0
44,45,44,Male,Vienna,Austria,30434.19,2024-03-22,441,44,8,389.92,"H&M, Levis",T-Shirts,48.74,0.16,0.53,"Mobile, Desktop",24,13,0,2
45,46,52,Male,Helsinki,Finland,41557.38,2024-03-22,441,7,13,1321.71,"Zara, H&M",Jeans,101.67,0.19,0.24,Mobile,26,12,0,4
46,47,65,Female,Dublin,Ireland,53363.46,2024-07-27,314,17,14,1045.38,"H&M, Zara",Accessories,74.67,0.03,0.24,Desktop,28,16,0,0
47,48,40,Female,Athens,Greece,73506.43,2023-08-23,653,123,5,748.6,"H&M, Levis",Accessories,149.72,0.13,0.25,"Mobile, Desktop",5,1,2,3
48,49,58,Female,Brussels,Belgium,58844.37,2024-02-14,478,19,20,2758.4,"Zara, H&M",Accessories,137.92,0.41,0.58,Mobile,60,22,0,0
49,50,22,Male,Lisbon,Portugal,26963.98,2024-06-07,364,4,19,403.37,"Levis, Zara",T-Shirts,21.23,0.34,0.47,"Desktop, Mobile",19,4,0,2
50,51,65,Female,Sydney,Australia,53035.77,2023-10-03,612,4,14,1322.02,"Zara, Levis",Accessories,94.43,0.0,0.2,"Mobile, Desktop",42,8,0,1
51,52,41,Male,Barcelona,Spain,40075.61,2024-09-23,256,87,3,144.33,"H&M, Levis",T-Shirts,48.11,0.63,0.67,"Desktop, Mobile",9,2,2,3
52,53,46,Male,Toronto,Canada,63916.01,2025-05-29,8,22,8,510.08,"H&M, Zara",Jeans,63.76,0.13,0.37,"Mobile, Desktop",24,11,0,4
53,54,54,Female,Copenhagen,Denmark,43490.81,2023-06-18,719,41,2,55.94,"Zara, H&M",Accessories,27.97,0.81,0.69,Mobile,2,0,2,3
54,55,60,Male,Zurich,Switzerland,49225.95,2024-06-19,352,13,12,278.28,"Levis, H&M",T-Shirts,23.19,0.2,0.24,"Desktop, Mobile",24,10,0,2
55,56,26,Male,Lyon,France,51358.34,2023-06-21,716,143,2,211.62,"H&M, Levis",Jeans,105.81,0.57,0.56,Desktop,2,0,1,3
56,57,27,Female,Istanbul,Turkey,59870.98,2024-09-17,262,41,2,40.78,"Levis, H&M",Accessories,20.39,0.59,0.63,Mobile,4,1,0,3
57,58,21,Female,Copenhagen,Denmark,23482.95,2023-10-20,595,21,20,1728.0,"Levis, H&M",Dresses,86.4,0.09,0.29,"Desktop, Mobile",40,11,0,0
58,59,51,Male,Seoul,South Korea,56777.17,2025-02-05,121,11,14,1923.88,"Zara, H&M",T-Shirts,137.42,0.32,0.16,Desktop,14,7,0,2
59,60,59,Female,Rotterdam,Netherlands,51131.52,2025-02-10,116,8,19,2384.12,"H&M, Levis",Dresses,125.48,0.29,0.18,Desktop,19,5,0,0
60,61,28,Male,Singapore,Singapore,49661.17,2024-03-11,452,30,11,334.4,"Zara, Levis",Jeans,30.4,0.29,0.31,Desktop,22,5,0,4
61,62,59,Male,Budapest,Hungary,49944.17,2024-12-09,179,41,6,157.74,"Levis, Zara",T-Shirts,26.29,0.43,0.59,"Desktop, Mobile",12,5,0,2
62,63,19,Female,Beijing,China,18284.41,2024-12-26,162,11,20,2269.4,"Zara, Levis",Accessories,113.47,0.23,0.58,"Desktop, Mobile",40,16,0,1
63,64,45,Female,Milan,Italy,56665.03,2023-11-20,564,57,10,1006.0,"Zara, Levis",Dresses,100.6,0.25,0.49,Desktop,10,2,0,1
64,65,39,Male,Helsinki,Finland,76682.74,2024-11-07,211,23,10,219.1,"H&M, Levis",Jeans,21.91,0.43,0.28,Mobile,30,14,0,4
65,66,63,Male,Lisbon,Portugal,34902.33,2023-07-19,688,6,19,2732.77,"Zara, H&M",Jeans,143.83,0.12,0.24,"Mobile, Desktop",38,19,0,4
66,67,49,Male,Athens,Greece,68020.88,2024-01-11,512,8,14,1386.7,"H&M, Zara",Jeans,99.05,0.21,0.15,"Mobile, Desktop",42,22,0,4
67,68,62,Male,Madrid,Spain,50086.81,2024-01-01,522,58,10,645.6,"Levis, Zara",Jeans,64.56,0.45,0.56,Mobile,30,17,0,4
68,69,64,Female,Johannesburg,South Africa,47753.42,2024-05-12,390,4,13,1222.78,"H&M, Zara",Accessories,94.06,0.14,0.13,Desktop,13,6,0,0
69,70,57,Female,Barcelona,Spain,38242.71,2024-06-12,359,21,9,662.67,"H&M, Levis",Dresses,73.63,0.36,0.24,Mobile,27,15,0,0
70,71,36,Male,Zurich,Switzerland,50027.48,2025-03-03,95,32,7,825.16,"Zara, Levis",Jeans,117.88,0.22,0.26,"Desktop, Mobile",7,3,0,4
71,72,64,Male,Moscow,Russia,58443.35,2024-08-11,299,109,3,213.6,"H&M, Zara",T-Shirts,71.2,0.71,0.72,Mobile,6,2,2,3
72,73,22,Female,Geneva,Switzerland,24412.45,2024-01-20,503,155,1,63.65,"Zara, H&M",Dresses,63.65,0.98,0.66,Mobile,1,0,0,3
73,74,19,Male,London,UK,29400.8,2024-07-02,339,6,11,749.21,"Zara, Levis",T-Shirts,68.11,0.47,0.18,"Desktop, Mobile",33,6,0,2
74,75,25,Female,Paris,France,33581.75,2023-11-03,581,23,15,1482.3,"Zara, H&M",Dresses,98.82,0.07,0.32,Mobile,45,16,0,0
75,76,55,Male,Bangalore,India,32113.33,2024-06-03,368,19,12,1700.76,"Levis, H&M",T-Shirts,141.73,0.32,0.2,Desktop,12,3,0,2
76,77,45,Male,Milan,Italy,71306.82,2025-03-15,83,38,10,542.9,"Zara, H&M",Jeans,54.29,0.32,0.22,Mobile,20,4,0,4
77,78,27,Female,Amsterdam,Netherlands,49812.68,2024-11-25,193,16,16,1165.12,"Zara, H&M",Dresses,72.82,0.4,0.28,Desktop,16,5,0,0
78,79,55,Male,Riyadh,Saudi Arabia,39273.03,2024-12-03,185,8,15,1313.25,"H&M, Zara",T-Shirts,87.55,0.27,0.36,Desktop,30,6,0,2
79,80,61,Male,Seoul,South Korea,69170.83,2024-11-09,209,55,3,438.54,"H&M, Zara",Jeans,146.18,0.76,0.67,Mobile,9,5,1,4
80,81,47,Female,Barcelona,Spain,67703.43,2024-11-26,192,72,5,248.2,"Zara, H&M",Dresses,49.64,0.1,0.38,"Mobile, Desktop",15,4,2,3
81,82,57,Male,Mumbai,India,59656.23,2024-11-28,190,25,17,2448.0,"Zara, Levis",T-Shirts,144.0,0.38,0.19,Desktop,17,4,0,2
82,83,32,Male,Chicago,USA,44822.28,2023-08-31,645,17,19,1602.27,"Zara, Levis",Jeans,84.33,0.42,0.33,"Desktop, Mobile",19,10,0,4
83,84,36,Female,Lyon,France,58351.67,2023-10-14,601,48,10,909.1,"Zara, Levis",Accessories,90.91,0.37,0.57,"Mobile, Desktop",10,4,0,1
84,85,61,Male,Barcelona,Spain,64907.45,2023-06-28,709,1,15,1110.45,"Levis, H&M",Jeans,74.03,0.11,0.1,"Mobile, Desktop",30,10,0,4
85,86,23,Female,Warsaw,Poland,20930.33,2024-03-09,454,25,11,1067.55,"Levis, H&M",Accessories,97.05,0.42,0.2,"Mobile, Desktop",11,5,0,0
86,87,43,Male,Oslo,Norway,72261.13,2023-06-25,712,6,13,1469.65,"H&M, Zara",T-Shirts,113.05,0.39,0.46,"Mobile, Desktop",13,4,0,2
87,88,31,Male,Jakarta,Indonesia,37639.24,2025-02-12,114,19,16,901.6,"Levis, H&M",Jeans,56.35,0.16,0.56,"Desktop, Mobile",32,8,0,4
88,89,36,Male,Seoul,South Korea,54942.17,2024-11-27,191,132,5,619.65,"Levis, H&M",Jeans,123.93,0.1,0.41,"Mobile, Desktop",15,5,0,4
89,90,33,Female,Dublin,Ireland,39205.38,2024-10-18,231,116,5,697.55,"H&M, Levis",Accessories,139.51,0.5,0.39,"Desktop, Mobile",10,5,0,3
90,91,31,Male,Athens,Greece,34307.78,2024-05-09,393,15,17,1088.0,"H&M, Zara",Jeans,64.0,0.44,0.31,Mobile,34,12,0,4
91,92,47,Female,Shanghai,China,74261.31,2023-06-29,708,158,1,104.34,"Levis, Zara",Dresses,104.34,0.62,0.6,Desktop,3,1,0,3
92,93,55,Male,Singapore,Singapore,62195.14,2024-12-31,157,23,15,526.2,"Levis, H&M",Jeans,35.08,0.0,0.59,"Desktop, Mobile",30,16,0,4
93,94,25,Female,Chicago,USA,41596.6,2024-10-22,227,3,12,530.64,"Zara, Levis",Dresses,44.22,0.43,0.55,"Mobile, Desktop",24,6,0,1
94,95,27,Male,Rome,Italy,43101.25,2025-03-05,93,90,3,175.05,"Zara, H&M",T-Shirts,58.35,0.79,0.57,Desktop,9,4,1,3
95,96,41,Male,Mumbai,India,58912.18,2024-04-03,429,20,8,697.12,"Zara, Levis",T-Shirts,87.14,0.19,0.1,"Mobile, Desktop",24,12,0,2
96,97,39,Male,Shanghai,China,50457.98,2023-09-19,626,3,13,905.32,"Zara, Levis",Jeans,69.64,0.13,0.25,"Mobile, Desktop",39,12,0,4
97,98,45,Female,Milan,Italy,75475.21,2025-04-01,66,15,14,1542.38,"Levis, H&M",Accessories,110.17,0.09,0.41,"Desktop, Mobile",14,6,0,0
98,99,20,Male,Prague,Czech Republic,34174.81,2024-11-17,201,114,3,214.35,"Zara, H&M",T-Shirts,71.45,0.98,0.67,Mobile,9,3,0,3
99,100,28,Male,Bangalore,India,44143.8,2023-11-30,554,18,10,1376.2,"H&M, Levis",Jeans,137.62,0.09,0.11,"Desktop, Mobile",20,8,0,4
100,101,54,Male,Cape Town,South Africa,41689.68,2024-10-25,224,17,8,764.56,"Levis, H&M",Jeans,95.57,0.12,0.33,Desktop,8,3,0,4
101,102,60,Female,Bangkok,Thailand,45151.99,2023-10-09,606,19,18,593.1,"Levis, H&M",Accessories,32.95,0.47,0.28,"Mobile, Desktop",54,22,0,0
102,103,38,Female,Seoul,South Korea,69886.33,2023-11-27,557,5,14,1832.18,"Levis, Zara",Dresses,130.87,0.29,0.37,"Desktop, Mobile",28,9,0,1
103,104,39,Female,Barcelona,Spain,56830.48,2025-03-20,78,24,13,1396.33,"H&M, Levis",Dresses,107.41,0.38,0.41,"Mobile, Desktop",39,14,0,0
104,105,35,Female,Athens,Greece,59439.01,2025-02-22,104,7,15,550.65,"Levis, Zara",Accessories,36.71,0.49,0.34,Mobile,45,16,0,1
105,106,51,Male,Barcelona,Spain,42096.59,2023-07-10,697,12,16,326.08,"Levis, Zara",T-Shirts,20.38,0.03,0.29,Mobile,48,27,0,2
106,107,62,Male,Singapore,Singapore,39064.07,2025-03-24,74,58,9,212.4,"H&M, Zara",T-Shirts,23.6,0.02,0.57,"Mobile, Desktop",18,7,0,2
107,108,57,Female,Mumbai,India,42678.66,2025-06-04,2,19,18,1032.48,"Zara, H&M",Dresses,57.36,0.45,0.29,"Desktop, Mobile",36,13,0,0
108,109,21,Female,Lyon,France,16947.69,2023-12-20,534,10,20,550.4,"H&M, Levis",Dresses,27.52,0.16,0.42,"Mobile, Desktop",20,8,0,0
109,110,48,Female,Osaka,Japan,66615.26,2024-10-31,218,27,15,590.55,"H&M, Zara",Dresses,39.37,0.46,0.48,Desktop,15,8,0,0
110,111,65,Male,Milan,Italy,56863.26,2023-07-10,697,7,11,1374.45,"Zara, H&M",Jeans,124.95,0.33,0.48,"Desktop, Mobile",33,14,0,4
111,112,47,Female,Cape Town,South Africa,91900.8,2024-08-10,300,4,12,514.68,"Zara, H&M",Accessories,42.89,0.35,0.6,Mobile,36,13,0,0
112,113,29,Female,New York,USA,43747.21,2024-05-27,375,25,11,1014.31,"H&M, Levis",Accessories,92.21,0.29,0.51,Mobile,33,16,0,0
113,114,54,Male,Helsinki,Finland,52229.79,2024-08-31,279,52,10,338.6,"H&M, Levis",Jeans,33.86,0.1,0.23,Mobile,30,6,0,4
114,115,22,Female,Jakarta,Indonesia,29112.12,2024-04-08,424,14,17,2088.28,"H&M, Levis",Dresses,122.84,0.24,0.43,"Mobile, Desktop",34,16,0,0
115,116,36,Female,London,UK,75560.1,2023-10-27,588,6,17,2113.78,"Levis, H&M",Accessories,124.34,0.43,0.47,"Desktop, Mobile",17,9,0,0
116,117,23,Female,Vienna,Austria,26500.02,2024-06-04,367,9,11,360.03,"Zara, Levis",Accessories,32.73,0.48,0.26,"Mobile, Desktop",33,16,0,1
117,118,52,Female,Amsterdam,Netherlands,45571.17,2023-12-15,539,21,17,449.48,"Zara, H&M",Dresses,26.44,0.06,0.31,Mobile,17,9,0,0
118,119,26,Male,New York,USA,42164.05,2024-04-23,409,36,7,478.94,"H&M, Zara",T-Shirts,68.42,0.49,0.23,"Desktop, Mobile",7,2,0,2
119,120,45,Male,Sydney,Australia,56014.73,2025-03-03,95,12,13,1504.49,"Zara, H&M",T-Shirts,115.73,0.02,0.33,"Desktop, Mobile",26,8,0,2
120,121,27,Female,Rome,Italy,55167.44,2024-03-22,441,25,9,694.53,"H&M, Levis",Dresses,77.17,0.12,0.34,Mobile,9,3,0,0
121,122,64,Female,Geneva,Switzerland,39705.92,2024-09-15,264,60,7,589.19,"H&M, Zara",Accessories,84.17,0.38,0.5,"Mobile, Desktop",21,11,0,3
122,123,56,Male,Chicago,USA,57518.09,2025-01-04,153,20,8,402.32,"Levis, H&M",Jeans,50.29,0.05,0.1,"Mobile, Desktop",24,9,0,4
123,124,61,Female,Tokyo,Japan,68170.86,2025-03-22,76,3,11,637.45,"Zara, Levis",Dresses,57.95,0.09,0.28,Mobile,22,7,0,1
124,125,45,Female,Dublin,Ireland,70616.71,2025-03-25,73,5,11,1400.41,"H&M, Zara",Dresses,127.31,0.05,0.55,Mobile,11,4,0,0
125,126,63,Female,Amsterdam,Netherlands,46260.11,2024-04-06,426,105,3,334.11,"Zara, H&M",Dresses,111.37,0.91,0.54,Desktop,3,1,1,3
126,127,64,Female,Johannesburg,South Africa,54509.46,2025-01-30,127,83,5,176.45,"H&M, Levis",Dresses,35.29,0.28,0.3,Desktop,5,2,0,3
127,128,29,Female,New York,USA,47411.88,2023-11-20,564,26,19,1611.39,"H&M, Levis",Accessories,84.81,0.49,0.25,"Desktop, Mobile",19,5,0,0
128,129,34,Male,Toronto,Canada,24851.99,2024-01-03,520,27,12,336.12,"Zara, Levis",T-Shirts,28.01,0.24,0.55,Mobile,36,20,0,2
129,130,20,Female,Cape Town,South Africa,27832.36,2023-12-01,553,29,14,449.54,"H&M, Levis",Accessories,32.11,0.19,0.32,"Desktop, Mobile",28,14,0,0
130,131,51,Male,Prague,Czech Republic,51577.42,2024-10-17,232,10,17,1967.07,"H&M, Zara",T-Shirts,115.71,0.22,0.21,Desktop,17,6,0,2
131,132,51,Male,Jakarta,Indonesia,54878.86,2023-10-09,606,147,1,111.08,"Levis, Zara",Jeans,111.08,0.87,0.68,Mobile,1,0,2,3
132,133,27,Male,Dublin,Ireland,53704.6,2025-05-02,35,18,17,413.1,"H&M, Zara",T-Shirts,24.3,0.47,0.27,Desktop,51,18,0,2
133,134,48,Female,Zurich,Switzerland,70690.8,2024-12-18,170,21,15,787.5,"Zara, Levis",Accessories,52.5,0.12,0.31,Desktop,30,11,0,1
134,135,63,Female,Budapest,Hungary,67438.99,2023-10-11,604,153,2,250.86,"Levis, Zara",Dresses,125.43,0.94,0.69,"Mobile, Desktop",2,0,0,3
135,136,65,Male,Milan,Italy,48843.79,2024-05-31,371,53,3,301.44,"Zara, Levis",Jeans,100.48,0.91,0.61,"Mobile, Desktop",9,5,2,4
136,137,46,Male,New York,USA,56520.72,2025-04-01,66,21,16,1020.16,"Zara, Levis",Jeans,63.76,0.23,0.34,"Mobile, Desktop",48,15,0,4
137,138,51,Male,Beijing,China,69515.37,2024-08-17,293,47,7,854.07,"H&M, Zara",Jeans,122.01,0.34,0.46,"Mobile, Desktop",21,10,0,4
138,139,43,Female,Dubai,UAE,93870.61,2023-12-01,553,28,20,2559.2,"Zara, Levis",Accessories,127.96,0.44,0.1,"Mobile, Desktop",20,5,0,1
139,140,25,Female,Tokyo,Japan,33470.1,2024-09-01,278,44,7,158.34,"Zara, Levis",Accessories,22.62,0.42,0.33,Desktop,14,3,0,1
140,141,23,Male,Jakarta,Indonesia,25465.22,2024-03-27,436,3,15,655.2,"Zara, Levis",Jeans,43.68,0.17,0.29,"Mobile, Desktop",30,10,0,4
141,142,61,Male,Helsinki,Finland,44290.44,2024-02-27,465,58,10,846.0,"H&M, Levis",T-Shirts,84.6,0.05,0.5,"Mobile, Desktop",10,3,0,2
142,143,25,Male,Melbourne,Australia,45684.05,2024-06-04,367,11,16,1010.4,"H&M, Zara",T-Shirts,63.15,0.01,0.45,"Desktop, Mobile",16,3,0,2
143,144,42,Female,Berlin,Germany,41098.26,2024-04-04,428,22,14,1706.74,"Levis, H&M",Dresses,121.91,0.45,0.2,Desktop,14,5,0,0
144,145,26,Male,Toronto,Canada,46778.98,2023-08-27,649,168,1,27.02,"Levis, H&M",Jeans,27.02,0.68,0.64,Mobile,1,0,1,3
145,146,24,Female,Copenhagen,Denmark,37922.54,2024-01-27,496,112,2,170.02,"H&M, Levis",Accessories,85.01,0.84,0.62,"Desktop, Mobile",6,3,1,3
146,147,31,Female,Vancouver,Canada,25350.57,2025-05-13,24,10,19,2600.15,"Levis, H&M",Dresses,136.85,0.16,0.42,"Desktop, Mobile",19,3,0,0
147,148,39,Female,Lisbon,Portugal,37082.41,2025-05-31,6,27,14,1119.02,"Zara, Levis",Dresses,79.93,0.45,0.24,Mobile,28,5,0,1
148,149,47,Male,Berlin,Germany,73903.85,2025-04-12,55,37,8,574.72,"Levis, H&M",Jeans,71.84,0.31,0.47,"Mobile, Desktop",16,7,0,4
149,150,20,Male,Munich,Germany,22019.67,2024-04-02,430,21,8,648.56,"Zara, H&M",T-Shirts,81.07,0.42,0.53,"Mobile, Desktop",16,5,0,2
150,151,30,Female,London,UK,35812.41,2023-07-17,690,24,8,184.32,"Levis, H&M",Dresses,23.04,0.01,0.14,"Desktop, Mobile",24,7,0,0
151,152,28,Female,Rome,Italy,26821.97,2024-01-09,514,3,19,2717.76,"Zara, H&M",Accessories,143.04,0.31,0.51,Mobile,19,9,0,0
152,153,41,Female,Shanghai,China,57558.13,2024-02-01,491,30,12,1134.0,"Zara, Levis",Dresses,94.5,0.28,0.28,Desktop,12,5,0,1
153,154,54,Male,Helsinki,Finland,43879.25,2024-09-20,259,16,14,1412.46,"Zara, H&M",T-Shirts,100.89,0.26,0.39,Mobile,28,9,0,2
154,155,35,Female,Helsinki,Finland,48495.94,2025-05-21,16,73,2,70.5,"Levis, H&M",Accessories,35.25,0.87,0.65,"Desktop, Mobile",2,0,2,3
155,156,18,Male,Jakarta,Indonesia,15000.0,2025-03-08,90,25,7,469.35,"H&M, Zara",T-Shirts,67.05,0.32,0.44,Mobile,14,4,0,2
156,157,22,Female,Tokyo,Japan,27479.67,2024-10-31,218,6,15,2140.05,"Zara, H&M",Dresses,142.67,0.48,0.44,"Desktop, Mobile",45,13,0,0
157,158,47,Male,Berlin,Germany,54066.39,2023-08-11,665,53,10,640.3,"Zara, Levis",T-Shirts,64.03,0.13,0.16,"Desktop, Mobile",20,6,0,2
158,159,27,Female,Moscow,Russia,15000.0,2023-09-02,643,23,17,1075.08,"Zara, H&M",Accessories,63.24,0.12,0.52,"Desktop, Mobile",34,14,0,0
159,160,26,Female,London,UK,32917.62,2024-09-26,253,28,19,1654.14,"H&M, Levis",Dresses,87.06,0.23,0.17,Desktop,57,17,0,0
160,161,29,Female,Stockholm,Sweden,43483.0,2025-03-16,82,43,10,773.2,"H&M, Zara",Dresses,77.32,0.11,0.45,Desktop,20,4,0,0
161,162,61,Male,Stockholm,Sweden,54394.39,2024-05-10,392,36,9,390.51,"Zara, H&M",Jeans,43.39,0.46,0.46,Mobile,27,14,0,4
162,163,27,Female,Jakarta,Indonesia,50315.13,2024-01-11,512,13,18,2695.68,"Zara, H&M",Accessories,149.76,0.46,0.53,"Mobile, Desktop",36,21,0,0
163,164,55,Female,New York,USA,68323.14,2023-07-01,706,9,17,1799.79,"Zara, Levis",Dresses,105.87,0.15,0.32,"Desktop, Mobile",51,20,0,1
164,165,50,Male,Athens,Greece,41066.11,2024-01-16,507,59,10,1434.9,"Levis, H&M",T-Shirts,143.49,0.23,0.31,"Mobile, Desktop",20,9,0,2
165,166,50,Male,Madrid,Spain,63636.61,2023-08-14,662,14,12,667.68,"Zara, Levis",T-Shirts,55.64,0.49,0.21,Mobile,24,9,0,2
166,167,52,Female,Johannesburg,South Africa,34402.66,2024-02-23,469,18,19,1079.01,"H&M, Levis",Dresses,56.79,0.38,0.46,Mobile,19,4,0,0
167,168,49,Female,Riyadh,Saudi Arabia,54862.2,2025-02-13,113,1,12,426.72,"Zara, Levis",Accessories,35.56,0.05,0.57,"Mobile, Desktop",36,20,0,1
168,169,53,Male,Rome,Italy,42574.49,2023-11-24,560,57,7,660.94,"Levis, Zara",T-Shirts,94.42,0.14,0.56,Mobile,14,8,0,2
169,170,27,Male,Rotterdam,Netherlands,34425.57,2023-07-22,685,60,3,444.12,"Levis, Zara",Jeans,148.04,0.79,0.68,Mobile,3,1,2,4
170,171,27,Female,Warsaw,Poland,50164.94,2025-01-13,144,2,12,1261.92,"Levis, Zara",Accessories,105.16,0.17,0.29,Mobile,12,3,0,1
171,172,38,Female,Madrid,Spain,42117.19,2024-03-31,432,50,6,320.82,"Zara, H&M",Accessories,53.47,0.36,0.37,"Mobile, Desktop",18,10,0,3
172,173,26,Female,Toronto,Canada,39111.61,2024-05-29,373,55,6,472.26,"H&M, Zara",Dresses,78.71,0.43,0.5,Desktop,6,2,0,3
173,174,55,Male,Rome,Italy,49437.24,2025-06-03,3,60,7,381.29,"H&M, Zara",T-Shirts,54.47,0.08,0.1,"Desktop, Mobile",21,8,0,2
174,175,55,Female,Bangalore,India,47656.5,2025-03-13,85,25,10,1251.6,"H&M, Zara",Dresses,125.16,0.26,0.27,Desktop,30,17,0,0
175,176,58,Female,Rotterdam,Netherlands,33778.81,2023-11-10,574,60,7,685.58,"Levis, Zara",Accessories,97.94,0.07,0.26,Desktop,14,4,0,1
176,177,23,Female,Vienna,Austria,28981.56,2024-06-10,361,130,5,417.6,"Zara, H&M",Accessories,83.52,0.26,0.28,Desktop,15,3,0,3
177,178,58,Male,Rome,Italy,42150.1,2023-06-15,722,5,16,2101.44,"H&M, Zara",Jeans,131.34,0.03,0.49,"Mobile, Desktop",48,10,0,4
178,179,33,Female,Cape Town,South Africa,52779.2,2025-03-17,81,59,10,356.1,"Zara, Levis",Dresses,35.61,0.09,0.55,Mobile,10,2,0,1
179,180,39,Female,Beijing,China,57050.23,2025-01-22,135,27,20,2970.0,"H&M, Levis",Dresses,148.5,0.11,0.2,Desktop,40,23,0,0
180,181,30,Female,Jakarta,Indonesia,47245.9,2023-10-11,604,24,10,627.2,"Zara, H&M",Accessories,62.72,0.25,0.53,"Desktop, Mobile",20,7,0,0
181,182,51,Female,Riyadh,Saudi Arabia,59180.37,2024-04-28,404,146,1,92.97,"Zara, H&M",Dresses,92.97,0.9,0.51,Desktop,3,1,0,3
182,183,60,Female,Copenhagen,Denmark,61524.99,2024-05-10,392,129,5,534.3,"H&M, Zara",Accessories,106.86,0.38,0.54,"Mobile, Desktop",15,6,2,3
183,184,29,Male,London,UK,28338.01,2023-07-11,696,15,10,286.1,"Zara, Levis",T-Shirts,28.61,0.39,0.49,"Desktop, Mobile",20,9,0,2
184,185,55,Male,Johannesburg,South Africa,45768.04,2025-02-02,124,28,16,1023.04,"H&M, Levis",Jeans,63.94,0.3,0.34,Mobile,48,18,0,4
185,186,46,Male,Mumbai,India,95728.54,2024-12-24,164,28,6,248.28,"H&M, Zara",Jeans,41.38,0.29,0.15,Desktop,12,6,0,4
186,187,63,Male,Amsterdam,Netherlands,47478.76,2024-11-01,217,34,6,481.14,"Levis, H&M",T-Shirts,80.19,0.41,0.54,"Mobile, Desktop",6,2,0,2
187,188,60,Female,Copenhagen,Denmark,32385.37,2024-08-21,289,15,13,1326.78,"Zara, H&M",Accessories,102.06,0.14,0.3,Mobile,39,8,0,0
188,189,59,Male,Paris,France,34000.07,2023-07-20,687,26,13,622.18,"Zara, H&M",Jeans,47.86,0.37,0.32,Desktop,26,15,0,4
189,190,50,Male,Warsaw,Poland,29167.67,2025-01-25,132,30,3,209.91,"Levis, Zara",Jeans,69.97,0.66,0.51,Desktop,9,2,1,4
190,191,38,Male,Singapore,Singapore,56228.56,2025-05-18,19,10,16,2362.72,"Levis, Zara",Jeans,147.67,0.02,0.12,Desktop,32,14,0,4
191,192,34,Male,Toronto,Canada,44986.07,2024-02-08,484,27,19,678.49,"Zara, H&M",T-Shirts,35.71,0.1,0.36,Mobile,38,12,0,2
192,193,40,Female,Manchester,UK,55857.01,2024-10-17,232,107,2,86.1,"Zara, Levis",Dresses,43.05,0.81,0.53,Desktop,4,1,2,3
193,194,49,Female,Melbourne,Australia,82172.73,2023-07-19,688,13,19,1826.09,"Zara, H&M",Dresses,96.11,0.19,0.5,Mobile,38,13,0,0
194,195,29,Female,Munich,Germany,45759.17,2025-02-24,102,20,12,610.68,"Levis, H&M",Accessories,50.89,0.48,0.23,Mobile,36,14,0,0
195,196,58,Male,Seoul,South Korea,57421.39,2024-02-09,483,18,14,1603.42,"H&M, Levis",Jeans,114.53,0.09,0.28,Mobile,42,17,0,4
196,197,43,Male,Manchester,UK,49853.25,2023-06-26,711,168,5,694.65,"H&M, Levis",T-Shirts,138.93,0.37,0.39,Mobile,5,1,0,3
197,198,48,Male,Moscow,Russia,74031.15,2025-02-19,107,42,3,249.42,"Zara, Levis",T-Shirts,83.14,0.88,0.68,Mobile,6,3,2,2
198,199,34,Female,Chicago,USA,44179.88,2024-10-13,236,14,11,1385.67,"H&M, Zara",Accessories,125.97,0.32,0.48,Mobile,11,4,0,0
199,200,39,Female,Los Angeles,USA,56311.24,2024-10-17,232,33,6,367.08,"Zara, Levis",Dresses,61.18,0.33,0.16,"Mobile, Desktop",18,8,0,1
200,201,63,Female,Bangkok,Thailand,70097.67,2023-11-23,561,19,17,2187.73,"H&M, Zara",Dresses,128.69,0.48,0.21,Desktop,34,15,0,0
201,202,33,Male,Bangkok,Thailand,44660.66,2025-03-25,73,3,13,1408.68,"Levis, Zara",T-Shirts,108.36,0.43,0.34,"Mobile, Desktop",39,9,0,2
202,203,32,Female,Mumbai,India,51166.68,2024-01-16,507,12,15,505.8,"Zara, H&M",Dresses,33.72,0.08,0.25,Desktop,15,7,0,0
203,204,23,Female,Singapore,Singapore,27801.74,2024-05-15,387,47,7,822.85,"Zara, Levis",Accessories,117.55,0.16,0.55,Mobile,21,5,0,1
204,205,60,Female,Chicago,USA,51906.63,2025-04-03,64,28,20,805.4,"Levis, Zara",Accessories,40.27,0.35,0.48,"Desktop, Mobile",20,11,0,1
205,206,21,Male,Bangkok,Thailand,22274.81,2025-01-04,153,3,16,1447.36,"Zara, Levis",Jeans,90.46,0.16,0.42,Desktop,32,15,0,4
206,207,65,Female,Lyon,France,55144.59,2024-06-28,343,27,17,2162.4,"Zara, Levis",Dresses,127.2,0.1,0.44,Mobile,17,6,0,1
207,208,62,Male,Oslo,Norway,54095.9,2024-05-28,374,43,5,659.95,"Levis, H&M",Jeans,131.99,0.15,0.47,Mobile,5,1,0,4
208,209,28,Male,Madrid,Spain,33024.11,2025-05-27,10,21,9,618.3,"H&M, Levis",Jeans,68.7,0.04,0.16,"Mobile, Desktop",9,5,0,4
209,210,64,Female,Tokyo,Japan,54175.14,2024-05-13,389,58,7,806.19,"H&M, Zara",Accessories,115.17,0.31,0.21,Desktop,14,7,0,0
210,211,40,Male,Tokyo,Japan,77624.62,2025-04-14,53,26,13,1935.57,"Zara, Levis",Jeans,148.89,0.37,0.35,"Mobile, Desktop",39,22,0,4
211,212,28,Male,Vancouver,Canada,38661.97,2024-07-04,337,29,11,233.31,"H&M, Zara",Jeans,21.21,0.4,0.33,"Mobile, Desktop",33,7,0,4
212,213,45,Male,Seoul,South Korea,90831.0,2024-02-23,469,57,7,468.37,"Zara, H&M",Jeans,66.91,0.07,0.45,"Desktop, Mobile",14,4,0,4
213,214,52,Female,Lyon,France,46412.78,2024-10-18,231,74,5,207.95,"Levis, H&M",Dresses,41.59,0.33,0.54,"Mobile, Desktop",5,1,2,3
214,215,63,Male,Manchester,UK,38958.68,2023-11-28,556,35,6,244.08,"H&M, Zara",Jeans,40.68,0.15,0.53,Mobile,18,6,0,4
215,216,41,Male,Berlin,Germany,60989.97,2024-06-05,366,42,8,537.6,"H&M, Levis",T-Shirts,67.2,0.27,0.18,Desktop,16,7,0,2
216,217,35,Male,Moscow,Russia,70279.76,2024-04-11,421,157,5,550.0,"H&M, Levis",Jeans,110.0,0.23,0.1,"Desktop, Mobile",5,2,1,3
217,218,27,Female,Munich,Germany,37530.14,2024-10-23,226,29,15,939.75,"Levis, Zara",Accessories,62.65,0.46,0.19,"Desktop, Mobile",30,8,0,1
218,219,53,Female,Melbourne,Australia,41444.12,2023-09-28,617,51,7,276.36,"Levis, H&M",Accessories,39.48,0.13,0.36,"Desktop, Mobile",7,3,0,3
219,220,34,Male,Rotterdam,Netherlands,35104.09,2025-03-17,81,3,17,1257.15,"Levis, H&M",T-Shirts,73.95,0.41,0.34,Desktop,17,3,0,2
220,221,20,Male,Johannesburg,South Africa,26065.63,2024-04-28,404,9,16,1089.12,"H&M, Zara",Jeans,68.07,0.23,0.29,Desktop,16,7,0,4
221,222,46,Female,Oslo,Norway,38375.4,2023-08-09,667,26,20,1367.8,"H&M, Zara",Dresses,68.39,0.01,0.4,Desktop,40,20,0,0
222,223,35,Male,Chicago,USA,85570.54,2024-11-27,191,59,7,813.96,"H&M, Zara",Jeans,116.28,0.37,0.32,"Desktop, Mobile",21,6,0,4
223,224,46,Male,Bangkok,Thailand,68677.31,2024-08-07,303,3,13,1521.65,"H&M, Zara",T-Shirts,117.05,0.28,0.3,"Mobile, Desktop",26,15,0,2
224,225,28,Male,Riyadh,Saudi Arabia,40999.31,2025-02-12,114,8,18,1808.64,"H&M, Levis",T-Shirts,100.48,0.27,0.36,"Desktop, Mobile",18,9,0,2
225,226,44,Male,Rotterdam,Netherlands,65686.76,2023-06-26,711,22,16,1349.76,"H&M, Levis",Jeans,84.36,0.38,0.44,"Mobile, Desktop",16,8,0,4
226,227,30,Male,Zurich,Switzerland,42426.49,2024-04-26,406,99,2,257.68,"Levis, Zara",T-Shirts,128.84,0.81,0.61,Mobile,2,0,2,3
227,228,20,Male,Chicago,USA,17871.17,2024-12-22,166,22,20,1304.4,"Zara, H&M",Jeans,65.22,0.22,0.59,"Desktop, Mobile",40,18,0,4
228,229,37,Female,Shanghai,China,55055.41,2024-11-27,191,28,9,1100.07,"Zara, Levis",Dresses,122.23,0.05,0.57,"Mobile, Desktop",18,6,0,1
229,230,20,Female,Moscow,Russia,23183.74,2023-12-23,531,7,17,539.58,"H&M, Levis",Accessories,31.74,0.19,0.46,"Mobile, Desktop",34,10,0,0
230,231,30,Male,Tokyo,Japan,36901.52,2024-06-08,363,32,8,967.84,"Levis, H&M",T-Shirts,120.98,0.26,0.32,Desktop,24,13,0,2
231,232,30,Male,Helsinki,Finland,31545.5,2024-09-09,270,25,12,786.84,"H&M, Zara",T-Shirts,65.57,0.36,0.33,Desktop,36,17,0,2
232,233,49,Male,Madrid,Spain,85404.74,2024-03-13,450,13,11,600.71,"H&M, Levis",Jeans,54.61,0.0,0.15,Mobile,11,5,0,4
233,234,28,Male,Brussels,Belgium,56029.91,2023-08-17,659,103,5,712.6,"Levis, Zara",T-Shirts,142.52,0.36,0.29,"Mobile, Desktop",15,6,2,2
234,235,48,Female,Shanghai,China,58060.21,2024-07-02,339,115,1,119.04,"Levis, H&M",Dresses,119.04,0.89,0.63,"Mobile, Desktop",3,0,1,3
235,236,55,Female,Brussels,Belgium,41031.74,2024-09-14,265,36,6,861.12,"Zara, Levis",Dresses,143.52,0.45,0.15,Desktop,6,2,0,1
236,237,33,Male,Manchester,UK,35403.44,2024-12-24,164,38,9,958.5,"Levis, Zara",Jeans,106.5,0.27,0.43,"Desktop, Mobile",9,5,0,4
237,238,37,Male,Tokyo,Japan,60571.13,2025-03-09,89,16,17,618.12,"Zara, H&M",T-Shirts,36.36,0.38,0.21,"Mobile, Desktop",51,14,0,2
238,239,37,Female,Rome,Italy,43238.48,2024-06-29,342,37,6,417.66,"Levis, H&M",Accessories,69.61,0.11,0.33,"Mobile, Desktop",6,3,0,3
239,240,23,Male,Chicago,USA,24088.83,2023-06-18,719,24,6,491.52,"Levis, H&M",Jeans,81.92,0.03,0.21,"Desktop, Mobile",12,6,0,4
240,241,48,Male,Helsinki,Finland,56288.81,2023-07-21,686,5,20,743.0,"H&M, Levis",T-Shirts,37.15,0.31,0.17,Desktop,60,28,0,2
241,242,57,Female,Jakarta,Indonesia,44500.83,2023-09-03,642,1,18,386.28,"H&M, Levis",Accessories,21.46,0.5,0.33,Mobile,36,9,0,0
242,243,47,Female,Prague,Czech Republic,66176.58,2023-08-14,662,133,1,57.56,"Levis, H&M",Accessories,57.56,0.93,0.92,"Mobile, Desktop",1,0,2,3
243,244,18,Male,Brussels,Belgium,30308.79,2024-08-18,292,10,12,603.6,"H&M, Zara",Jeans,50.3,0.14,0.43,"Mobile, Desktop",12,6,0,4
244,245,42,Male,Prague,Czech Republic,34800.75,2024-04-11,421,29,13,1587.3,"Levis, Zara",T-Shirts,122.1,0.2,0.49,Desktop,26,12,0,2
245,246,24,Male,Singapore,Singapore,23907.79,2024-07-31,310,4,12,1136.52,"Levis, H&M",T-Shirts,94.71,0.43,0.37,"Desktop, Mobile",36,7,0,2
246,247,55,Male,Lyon,France,59000.01,2023-12-03,551,19,11,1299.87,"H&M, Zara",T-Shirts,118.17,0.29,0.34,"Mobile, Desktop",33,10,0,2
247,248,60,Female,Lisbon,Portugal,47079.2,2023-10-31,584,46,6,784.08,"Zara, Levis",Dresses,130.68,0.44,0.32,"Mobile, Desktop",12,5,0,1
248,249,31,Male,Madrid,Spain,36226.07,2025-03-03,95,16,12,1794.24,"Levis, Zara",T-Shirts,149.52,0.16,0.0,Desktop,36,17,0,2
249,250,21,Male,Lyon,France,24847.83,2023-08-18,658,56,7,363.44,"H&M, Levis",T-Shirts,51.92,0.01,0.32,"Desktop, Mobile",7,1,0,2
250,251,51,Male,Lyon,France,42445.25,2024-01-27,496,6,15,2063.1,"Zara, Levis",T-Shirts,137.54,0.06,0.56,Mobile,30,16,0,2
251,252,53,Male,Toronto,Canada,45844.28,2024-04-17,415,16,15,684.6,"H&M, Levis",T-Shirts,45.64,0.16,0.34,Mobile,15,5,0,2
252,253,31,Female,Chicago,USA,22267.93,2024-10-27,222,2,17,2508.35,"Zara, Levis",Accessories,147.55,0.3,0.31,Desktop,17,6,0,1
253,254,43,Male,Helsinki,Finland,50847.75,2023-11-02,582,15,8,501.76,"Zara, H&M",T-Shirts,62.72,0.28,0.19,"Mobile, Desktop",16,5,0,2
254,255,43,Female,Mumbai,India,36634.78,2024-08-04,306,161,5,224.2,"Zara, H&M",Accessories,44.84,0.44,0.18,Desktop,10,2,2,3
255,256,63,Female,Seoul,South Korea,56041.22,2025-03-12,86,39,9,594.27,"Levis, H&M",Dresses,66.03,0.34,0.24,"Desktop, Mobile",27,6,0,0
256,257,43,Male,Paris,France,61725.45,2025-02-04,122,24,17,2490.5,"Zara, Levis",Jeans,146.5,0.21,0.44,"Desktop, Mobile",17,9,0,4
257,258,58,Female,Moscow,Russia,44789.78,2024-08-26,284,6,14,1095.08,"Levis, Zara",Dresses,78.22,0.17,0.43,Mobile,42,11,0,1
258,259,23,Female,Bangalore,India,16949.27,2025-03-16,82,27,18,2652.84,"Zara, H&M",Dresses,147.38,0.09,0.36,"Mobile, Desktop",36,7,0,0
259,260,55,Male,Warsaw,Poland,44447.33,2024-02-02,490,51,10,1219.3,"Zara, Levis",T-Shirts,121.93,0.04,0.19,Mobile,10,4,0,2
260,261,26,Female,Melbourne,Australia,32878.45,2024-06-10,361,47,7,388.01,"Levis, Zara",Accessories,55.43,0.2,0.24,"Mobile, Desktop",14,4,0,1
261,262,51,Female,Milan,Italy,57490.77,2025-04-26,41,19,19,643.53,"Levis, H&M",Accessories,33.87,0.21,0.41,Desktop,38,13,0,0
262,263,56,Male,Athens,Greece,59681.93,2024-07-02,339,104,3,80.85,"Levis, Zara",Jeans,26.95,0.58,0.61,"Mobile, Desktop",6,3,0,4
263,264,63,Male,Budapest,Hungary,59427.04,2023-06-22,715,27,9,437.31,"Levis, H&M",Jeans,48.59,0.34,0.57,"Mobile, Desktop",9,2,0,4
264,265,54,Male,Vienna,Austria,48388.96,2024-05-07,395,56,10,1345.6,"Zara, Levis",T-Shirts,134.56,0.36,0.52,"Mobile, Desktop",30,7,0,2
265,266,50,Female,Riyadh,Saudi Arabia,38152.05,2024-02-09,483,51,6,249.36,"Zara, Levis",Dresses,41.56,0.49,0.32,Mobile,12,4,0,1
266,267,28,Male,Berlin,Germany,38058.22,2023-08-09,667,8,11,251.13,"Zara, H&M",T-Shirts,22.83,0.15,0.29,Desktop,22,10,0,2
267,268,60,Female,Los Angeles,USA,44476.98,2023-12-12,542,29,10,1403.8,"Zara, Levis",Accessories,140.38,0.17,0.34,"Mobile, Desktop",30,10,0,1
268,269,24,Female,Cape Town,South Africa,26380.5,2024-01-02,521,42,7,1010.03,"Levis, Zara",Dresses,144.29,0.1,0.49,"Mobile, Desktop",14,4,0,1
269,270,46,Female,Berlin,Germany,70592.86,2024-03-14,449,27,8,283.36,"Zara, Levis",Accessories,35.42,0.41,0.3,Mobile,16,7,0,1
270,271,37,Female,Rotterdam,Netherlands,59146.03,2025-01-04,153,41,9,1101.06,"Zara, Levis",Accessories,122.34,0.35,0.39,"Desktop, Mobile",9,3,0,1
271,272,35,Male,Helsinki,Finland,50847.74,2023-06-27,710,52,8,716.16,"Zara, Levis",Jeans,89.52,0.43,0.29,"Desktop, Mobile",24,10,0,4
272,273,44,Female,Zurich,Switzerland,67789.68,2024-09-17,262,29,17,1491.41,"Zara, Levis",Dresses,87.73,0.45,0.29,"Desktop, Mobile",34,13,0,1
273,274,50,Female,Singapore,Singapore,65997.12,2025-02-16,110,20,8,986.88,"Zara, H&M",Accessories,123.36,0.29,0.25,Desktop,8,2,0,0
274,275,59,Male,New York,USA,59640.47,2024-03-27,436,23,12,914.52,"H&M, Levis",T-Shirts,76.21,0.16,0.56,"Desktop, Mobile",36,13,0,2
275,276,35,Male,Lisbon,Portugal,42151.78,2024-02-25,467,167,2,152.02,"H&M, Levis",T-Shirts,76.01,0.68,0.53,Desktop,6,3,2,3
276,277,32,Female,Manchester,UK,36778.42,2024-06-11,360,3,12,1696.8,"Zara, Levis",Accessories,141.4,0.26,0.19,"Desktop, Mobile",36,11,0,1
277,278,49,Female,Istanbul,Turkey,67914.74,2025-04-11,56,24,20,2698.6,"H&M, Zara",Dresses,134.93,0.44,0.28,"Desktop, Mobile",40,20,0,0
278,279,52,Female,Barcelona,Spain,60651.27,2023-06-16,721,25,10,294.1,"H&M, Levis",Dresses,29.41,0.48,0.25,Mobile,20,5,0,0
279,280,37,Female,Barcelona,Spain,60541.14,2024-12-01,187,7,15,1773.0,"Zara, Levis",Dresses,118.2,0.37,0.12,Desktop,15,4,0,1
280,281,30,Male,Paris,France,51358.88,2024-03-25,438,6,13,1234.35,"H&M, Levis",Jeans,94.95,0.25,0.53,"Desktop, Mobile",13,3,0,4
281,282,61,Female,Athens,Greece,42603.93,2023-09-17,628,7,17,779.62,"Zara, Levis",Dresses,45.86,0.25,0.31,"Mobile, Desktop",51,18,0,1
282,283,32,Female,Milan,Italy,45901.71,2024-06-21,350,2,17,1806.25,"Levis, H&M",Accessories,106.25,0.23,0.45,"Desktop, Mobile",51,24,0,0
283,284,29,Male,Athens,Greece,34551.55,2024-10-02,247,23,10,451.1,"H&M, Levis",T-Shirts,45.11,0.43,0.52,"Mobile, Desktop",30,8,0,2
284,285,65,Male,Prague,Czech Republic,50162.76,2023-12-12,542,42,9,1028.88,"Zara, Levis",Jeans,114.32,0.43,0.42,Desktop,18,9,0,4
285,286,50,Female,Istanbul,Turkey,59618.73,2024-10-18,231,153,5,497.85,"H&M, Zara",Accessories,99.57,0.24,0.49,Mobile,5,1,0,3
286,287,62,Female,Riyadh,Saudi Arabia,51705.17,2023-09-29,616,15,12,547.68,"Levis, Zara",Dresses,45.64,0.42,0.52,Mobile,36,13,0,1
287,288,65,Male,Budapest,Hungary,35967.01,2023-12-07,547,17,13,750.88,"Zara, H&M",T-Shirts,57.76,0.09,0.33,Mobile,39,13,0,2
288,289,59,Male,Munich,Germany,48033.01,2023-11-23,561,5,12,1599.48,"H&M, Levis",T-Shirts,133.29,0.35,0.4,Desktop,12,3,0,2
289,290,35,Female,Beijing,China,48642.62,2023-07-12,695,15,14,792.96,"H&M, Levis",Accessories,56.64,0.01,0.31,Mobile,14,6,0,0
290,291,21,Male,Amsterdam,Netherlands,32785.62,2023-10-19,596,127,5,642.05,"H&M, Levis",Jeans,128.41,0.47,0.37,Desktop,5,2,0,3
291,292,41,Female,Amsterdam,Netherlands,29602.76,2023-09-21,624,59,9,993.24,"Zara, H&M",Accessories,110.36,0.31,0.36,Mobile,27,9,0,0
292,293,46,Male,Riyadh,Saudi Arabia,55363.59,2025-05-20,17,55,9,714.42,"Levis, H&M",Jeans,79.38,0.23,0.36,Desktop,27,9,0,4
293,294,46,Female,Osaka,Japan,59362.77,2025-01-07,150,92,3,315.72,"Levis, Zara",Accessories,105.24,0.81,0.64,Mobile,3,0,1,3
294,295,37,Male,Toronto,Canada,74815.11,2024-05-15,387,157,1,70.11,"Levis, Zara",T-Shirts,70.11,0.53,0.64,"Mobile, Desktop",1,0,0,3
295,296,46,Female,Stockholm,Sweden,68790.0,2024-08-17,293,18,18,1555.02,"Levis, Zara",Accessories,86.39,0.14,0.31,Desktop,36,16,0,1
296,297,31,Male,Johannesburg,South Africa,47457.1,2024-06-09,362,39,2,292.44,"Levis, H&M",T-Shirts,146.22,1.0,0.83,"Mobile, Desktop",6,3,1,3
297,298,57,Female,Singapore,Singapore,49645.04,2025-02-11,115,17,9,532.17,"Levis, Zara",Accessories,59.13,0.13,0.4,Mobile,27,12,0,1
298,299,30,Male,Vancouver,Canada,27905.41,2024-04-23,409,168,3,407.43,"H&M, Zara",T-Shirts,135.81,0.76,0.64,Mobile,6,2,0,3
299,300,40,Male,Rotterdam,Netherlands,50346.47,2023-11-21,563,8,14,662.62,"Levis, H&M",T-Shirts,47.33,0.01,0.42,Mobile,14,3,0,2
300,301,37,Female,Barcelona,Spain,50616.74,2025-05-06,31,58,7,411.81,"Zara, Levis",Dresses,58.83,0.26,0.46,"Desktop, Mobile",21,10,0,1
301,302,61,Male,Zurich,Switzerland,42177.89,2025-04-28,39,138,3,208.92,"Zara, H&M",Jeans,69.64,0.67,0.66,"Mobile, Desktop",3,0,1,3
302,303,20,Female,Melbourne,Australia,20727.51,2023-10-22,593,18,9,388.44,"Zara, Levis",Accessories,43.16,0.27,0.32,"Desktop, Mobile",27,5,0,1
303,304,58,Female,Stockholm,Sweden,72548.99,2025-03-23,75,17,15,852.45,"Zara, H&M",Dresses,56.83,0.34,0.39,Desktop,15,3,0,0
304,305,24,Male,Dublin,Ireland,29348.52,2023-11-30,554,113,3,285.63,"Levis, H&M",T-Shirts,95.21,0.52,0.64,"Desktop, Mobile",6,2,0,3
305,306,60,Male,Jakarta,Indonesia,25953.89,2024-12-17,171,18,14,561.12,"Zara, H&M",Jeans,40.08,0.36,0.37,"Desktop, Mobile",42,23,0,4
306,307,56,Female,Riyadh,Saudi Arabia,45106.05,2024-05-29,373,3,19,1917.1,"Zara, Levis",Accessories,100.9,0.48,0.49,Mobile,19,5,0,1
307,308,21,Male,Brussels,Belgium,29024.45,2024-03-03,460,28,7,635.32,"Zara, H&M",T-Shirts,90.76,0.14,0.23,"Desktop, Mobile",7,3,0,2
308,309,33,Male,Warsaw,Poland,61358.76,2024-02-04,488,4,11,651.09,"H&M, Levis",T-Shirts,59.19,0.09,0.34,Mobile,33,9,0,2
309,310,46,Female,Bangalore,India,77274.32,2024-12-10,178,15,15,1062.6,"H&M, Zara",Accessories,70.84,0.29,0.47,"Mobile, Desktop",30,10,0,0
310,311,59,Male,Los Angeles,USA,58645.06,2025-01-09,148,2,13,1421.81,"Zara, H&M",T-Shirts,109.37,0.42,0.33,Desktop,39,22,0,2
311,312,22,Female,Bangalore,India,21026.15,2023-10-29,586,39,6,520.32,"Levis, Zara",Dresses,86.72,0.37,0.38,Mobile,12,5,0,1
312,313,46,Male,London,UK,46395.97,2023-11-06,578,60,9,594.45,"H&M, Zara",Jeans,66.05,0.39,0.49,Mobile,27,10,0,4
313,314,64,Male,Berlin,Germany,29894.18,2023-09-13,632,11,11,1477.3,"Levis, Zara",T-Shirts,134.3,0.09,0.4,"Desktop, Mobile",33,17,0,2
314,315,58,Male,Brussels,Belgium,47888.5,2023-09-28,617,7,20,1388.4,"H&M, Levis",T-Shirts,69.42,0.37,0.35,Desktop,40,22,0,2
315,316,48,Female,Zurich,Switzerland,57137.42,2024-11-24,194,60,7,534.45,"Zara, Levis",Dresses,76.35,0.05,0.48,"Desktop, Mobile",21,8,0,1
316,317,26,Female,Bangalore,India,21364.14,2024-06-30,341,142,2,102.12,"H&M, Zara",Accessories,51.06,0.76,0.62,Mobile,6,2,2,3
317,318,30,Female,Bangalore,India,35302.1,2024-04-15,417,29,9,1110.6,"Zara, H&M",Dresses,123.4,0.21,0.59,"Mobile, Desktop",27,13,0,0
318,319,47,Male,Rotterdam,Netherlands,43194.72,2023-08-25,651,8,11,752.29,"Zara, H&M",T-Shirts,68.39,0.05,0.58,"Mobile, Desktop",33,12,0,2
319,320,51,Male,Lyon,France,40963.15,2025-02-19,107,35,6,264.54,"H&M, Zara",T-Shirts,44.09,0.45,0.4,Desktop,6,2,0,2
320,321,22,Male,Amsterdam,Netherlands,24796.66,2024-07-23,318,139,2,284.96,"Levis, H&M",Jeans,142.48,0.75,0.61,Mobile,2,1,2,3
321,322,43,Female,Warsaw,Poland,51277.29,2025-02-04,122,22,10,1070.3,"Levis, Zara",Accessories,107.03,0.12,0.57,Mobile,10,5,0,1
322,323,39,Female,Osaka,Japan,27791.11,2025-03-25,73,20,13,1295.19,"H&M, Levis",Accessories,99.63,0.49,0.25,Desktop,13,2,0,0
323,324,63,Male,Prague,Czech Republic,64098.75,2024-03-05,458,2,17,571.88,"Zara, Levis",Jeans,33.64,0.37,0.31,"Mobile, Desktop",51,11,0,4
324,325,22,Male,Bangalore,India,16113.35,2023-08-07,669,29,18,1478.88,"H&M, Zara",Jeans,82.16,0.02,0.27,Mobile,36,13,0,4
325,326,18,Male,Riyadh,Saudi Arabia,20819.91,2024-06-10,361,114,1,96.2,"H&M, Levis",Jeans,96.2,0.93,0.65,"Mobile, Desktop",1,0,1,3
326,327,38,Female,Mumbai,India,59319.1,2023-08-17,659,64,2,264.88,"H&M, Zara",Dresses,132.44,0.62,0.7,Mobile,4,1,0,3
327,328,44,Female,Rotterdam,Netherlands,81319.11,2025-04-14,53,57,3,179.25,"H&M, Levis",Dresses,59.75,0.95,0.67,"Mobile, Desktop",3,1,1,3
328,329,31,Female,Bangkok,Thailand,48124.55,2023-09-22,623,20,18,660.42,"Levis, H&M",Dresses,36.69,0.03,0.45,Mobile,36,7,0,0
329,330,40,Female,Bangkok,Thailand,66705.26,2023-08-24,652,23,19,1612.91,"Levis, Zara",Accessories,84.89,0.29,0.12,"Desktop, Mobile",38,13,0,1
330,331,36,Male,Vienna,Austria,69363.53,2025-05-31,6,25,17,2124.32,"Zara, Levis",Jeans,124.96,0.29,0.53,"Mobile, Desktop",34,16,0,4
331,332,63,Male,Madrid,Spain,40667.25,2025-01-01,156,14,17,1028.16,"Zara, Levis",Jeans,60.48,0.48,0.48,"Mobile, Desktop",51,17,0,4
332,333,56,Female,Copenhagen,Denmark,30827.27,2023-08-29,647,19,20,687.8,"H&M, Levis",Dresses,34.39,0.5,0.51,"Desktop, Mobile",60,22,0,0
333,334,38,Female,Madrid,Spain,86988.13,2024-05-19,383,103,5,312.85,"Levis, Zara",Dresses,62.57,0.35,0.24,Mobile,15,8,1,1
334,335,45,Female,Shanghai,China,95817.63,2024-12-09,179,41,6,531.48,"Zara, H&M",Accessories,88.58,0.11,0.39,"Mobile, Desktop",6,2,0,3
335,336,37,Male,Helsinki,Finland,65802.52,2023-09-20,625,121,3,197.01,"Levis, H&M",T-Shirts,65.67,0.72,0.69,"Desktop, Mobile",3,0,2,3
336,337,63,Male,Budapest,Hungary,56578.42,2025-05-22,15,97,1,45.29,"Levis, H&M",T-Shirts,45.29,0.96,0.55,Desktop,3,1,2,3
337,338,50,Female,Los Angeles,USA,40874.31,2023-10-24,591,6,14,697.48,"Zara, Levis",Accessories,49.82,0.19,0.51,"Desktop, Mobile",42,9,0,1
338,339,27,Female,Mumbai,India,47900.75,2025-04-18,49,19,11,1263.46,"H&M, Zara",Dresses,114.86,0.13,0.53,"Mobile, Desktop",11,5,0,0
339,340,50,Female,Zurich,Switzerland,60836.52,2024-06-03,368,17,14,1118.6,"Levis, Zara",Dresses,79.9,0.26,0.25,"Mobile, Desktop",42,12,0,1
340,341,29,Female,Melbourne,Australia,54947.09,2024-05-23,379,12,20,1884.8,"Levis, H&M",Dresses,94.24,0.08,0.3,Desktop,20,9,0,0
341,342,23,Male,Sydney,Australia,26140.22,2024-11-08,210,11,14,1571.64,"Levis, Zara",T-Shirts,112.26,0.48,0.4,Desktop,14,3,0,2
342,343,50,Male,Vancouver,Canada,54539.85,2025-03-19,79,29,12,1121.64,"H&M, Zara",T-Shirts,93.47,0.01,0.36,Mobile,12,5,0,2
343,344,61,Female,Berlin,Germany,33925.19,2023-08-24,652,9,14,817.88,"Zara, H&M",Accessories,58.42,0.06,0.18,Desktop,28,9,0,0
344,345,37,Female,Mumbai,India,38895.38,2023-06-23,714,19,19,2075.94,"Levis, H&M",Accessories,109.26,0.12,0.48,"Mobile, Desktop",19,9,0,0
345,346,61,Male,Warsaw,Poland,39765.03,2024-08-14,296,13,13,679.9,"H&M, Levis",T-Shirts,52.3,0.28,0.1,"Mobile, Desktop",26,11,0,2
346,347,62,Female,Amsterdam,Netherlands,53545.36,2024-11-16,202,29,17,1989.85,"Levis, H&M",Accessories,117.05,0.33,0.38,Desktop,51,27,0,0
347,348,27,Male,Melbourne,Australia,29388.13,2024-12-22,166,51,8,866.48,"Zara, H&M",T-Shirts,108.31,0.14,0.55,Mobile,16,5,0,2
348,349,41,Female,Brussels,Belgium,44028.73,2024-08-16,294,4,18,2533.32,"Zara, H&M",Dresses,140.74,0.13,0.35,"Desktop, Mobile",18,4,0,0
349,350,63,Female,Toronto,Canada,53691.75,2025-02-26,100,46,10,675.6,"H&M, Levis",Dresses,67.56,0.38,0.23,"Desktop, Mobile",20,6,0,0
350,351,49,Male,Bangalore,India,54006.4,2023-11-11,573,18,18,2002.32,"Levis, H&M",T-Shirts,111.24,0.33,0.1,"Mobile, Desktop",54,13,0,2
351,352,65,Female,Copenhagen,Denmark,40096.64,2024-05-16,386,177,2,63.2,"Zara, H&M",Accessories,31.6,0.9,0.67,"Mobile, Desktop",4,1,2,3
352,353,42,Male,Riyadh,Saudi Arabia,64881.43,2023-07-06,701,22,18,1891.08,"Zara, Levis",Jeans,105.06,0.36,0.2,"Mobile, Desktop",36,7,0,4
353,354,44,Male,Cape Town,South Africa,57581.85,2023-07-30,677,7,17,2488.8,"H&M, Zara",Jeans,146.4,0.08,0.36,"Desktop, Mobile",51,17,0,4
354,355,60,Female,Rotterdam,Netherlands,62641.12,2023-09-01,644,180,3,425.25,"Zara, H&M",Dresses,141.75,0.79,0.61,"Mobile, Desktop",6,3,1,3
355,356,26,Female,Budapest,Hungary,31155.94,2024-08-19,291,27,17,1317.67,"Levis, Zara",Dresses,77.51,0.39,0.53,Mobile,34,16,0,1
356,357,41,Female,Copenhagen,Denmark,59235.96,2023-06-07,730,6,17,1255.62,"Levis, Zara",Accessories,73.86,0.08,0.25,"Mobile, Desktop",51,11,0,1
357,358,24,Male,Lisbon,Portugal,21559.22,2025-02-19,107,3,15,314.7,"H&M, Zara",Jeans,20.98,0.39,0.51,Mobile,30,17,0,4
358,359,18,Male,Stockholm,Sweden,30003.25,2023-12-29,525,23,11,1235.19,"Zara, Levis",Jeans,112.29,0.18,0.22,"Mobile, Desktop",11,2,0,4
359,360,21,Male,Geneva,Switzerland,29937.04,2025-05-12,25,23,7,883.26,"Levis, Zara",Jeans,126.18,0.28,0.25,Desktop,7,3,0,4
360,361,26,Male,Warsaw,Poland,50867.62,2023-07-13,694,6,15,480.6,"Zara, H&M",Jeans,32.04,0.37,0.58,"Desktop, Mobile",45,25,0,4
361,362,29,Male,Athens,Greece,51818.86,2024-11-20,198,21,19,2376.52,"H&M, Zara",Jeans,125.08,0.06,0.1,Desktop,57,15,0,4
362,363,36,Female,Athens,Greece,49812.44,2024-05-10,392,2,13,1119.3,"Zara, H&M",Dresses,86.1,0.07,0.58,"Mobile, Desktop",13,6,0,0
363,364,48,Female,Geneva,Switzerland,46088.72,2024-09-05,274,45,10,1496.5,"Levis, Zara",Accessories,149.65,0.18,0.19,"Mobile, Desktop",30,7,0,1
364,365,60,Male,Riyadh,Saudi Arabia,49001.42,2024-05-12,390,41,10,899.9,"Levis, H&M",T-Shirts,89.99,0.47,0.23,"Desktop, Mobile",30,10,0,2
365,366,40,Male,Johannesburg,South Africa,61003.54,2025-02-27,99,22,14,1716.54,"H&M, Zara",T-Shirts,122.61,0.34,0.44,Desktop,42,20,0,2
366,367,19,Female,Shanghai,China,21211.24,2025-05-12,25,170,5,712.65,"H&M, Zara",Accessories,142.53,0.33,0.59,"Mobile, Desktop",10,4,2,3
367,368,64,Female,Geneva,Switzerland,54639.95,2023-12-03,551,21,8,318.08,"Levis, Zara",Dresses,39.76,0.01,0.22,Desktop,24,7,0,1
368,369,27,Female,Tokyo,Japan,48390.26,2023-10-07,608,13,13,430.04,"Levis, Zara",Accessories,33.08,0.1,0.37,Desktop,26,7,0,1
369,370,59,Male,Toronto,Canada,31030.68,2025-03-01,97,5,20,2467.4,"Zara, H&M",T-Shirts,123.37,0.29,0.31,"Desktop, Mobile",20,8,0,2
370,371,59,Female,Moscow,Russia,56478.44,2024-07-04,337,35,7,984.48,"Levis, H&M",Accessories,140.64,0.32,0.55,"Mobile, Desktop",14,6,0,0
371,372,49,Male,Copenhagen,Denmark,74543.44,2024-02-19,473,128,3,386.01,"H&M, Levis",T-Shirts,128.67,0.89,0.54,Desktop,9,3,0,3
372,373,46,Male,Warsaw,Poland,98016.28,2024-01-12,511,10,15,533.4,"Levis, Zara",T-Shirts,35.56,0.42,0.32,"Desktop, Mobile",45,21,0,2
373,374,22,Female,Riyadh,Saudi Arabia,32001.45,2023-12-28,526,15,7,397.11,"Levis, Zara",Dresses,56.73,0.49,0.49,Mobile,14,6,0,1
374,375,51,Male,Beijing,China,39602.05,2024-03-01,462,47,7,490.07,"Zara, Levis",T-Shirts,70.01,0.42,0.48,"Mobile, Desktop",14,3,0,2
375,376,62,Male,Mumbai,India,56148.95,2023-11-02,582,60,8,173.04,"Levis, Zara",Jeans,21.63,0.27,0.11,Mobile,24,6,0,4
376,377,25,Male,Bangkok,Thailand,43413.87,2024-10-02,247,59,9,1013.76,"H&M, Zara",Jeans,112.64,0.41,0.31,Desktop,9,1,0,4
377,378,61,Male,Chicago,USA,59048.99,2024-05-01,401,15,11,649.11,"Levis, Zara",Jeans,59.01,0.17,0.51,Mobile,22,8,0,4
378,379,23,Female,Mumbai,India,29813.69,2024-05-08,394,107,2,228.92,"H&M, Zara",Dresses,114.46,0.73,0.62,"Desktop, Mobile",4,1,2,3
379,380,34,Male,Mumbai,India,33147.57,2024-03-10,453,39,7,179.41,"Zara, Levis",T-Shirts,25.63,0.4,0.38,Mobile,21,8,0,2
380,381,23,Female,Milan,Italy,28661.42,2025-02-05,121,13,15,1582.35,"H&M, Zara",Dresses,105.49,0.48,0.38,"Mobile, Desktop",15,4,0,0
381,382,39,Male,New York,USA,74963.1,2023-11-14,570,44,5,604.3,"H&M, Zara",T-Shirts,120.86,0.24,0.13,Desktop,15,7,0,2
382,383,18,Male,Dublin,Ireland,34904.32,2024-09-21,258,13,11,1000.23,"Levis, H&M",T-Shirts,90.93,0.07,0.49,Mobile,11,4,0,2
383,384,48,Male,Rome,Italy,52821.51,2024-07-04,337,15,13,1454.18,"Zara, Levis",T-Shirts,111.86,0.19,0.37,Desktop,13,7,0,2
384,385,59,Male,Istanbul,Turkey,55183.24,2024-11-15,203,15,16,1739.36,"Levis, Zara",Jeans,108.71,0.35,0.17,Desktop,32,10,0,4
385,386,32,Female,Johannesburg,South Africa,16843.94,2024-06-14,357,149,2,115.3,"Levis, H&M",Dresses,57.65,0.69,0.58,Desktop,6,1,0,3
386,387,28,Female,Oslo,Norway,45143.59,2024-01-11,512,10,15,1320.75,"H&M, Levis",Dresses,88.05,0.16,0.4,"Mobile, Desktop",45,23,0,0
387,388,27,Female,Helsinki,Finland,41717.78,2025-05-09,28,34,10,589.5,"H&M, Zara",Dresses,58.95,0.09,0.44,"Desktop, Mobile",30,11,0,0
388,389,20,Female,Lisbon,Portugal,22648.04,2024-10-09,240,83,5,635.0,"Levis, H&M",Accessories,127.0,0.49,0.57,Mobile,10,4,1,3
389,390,45,Female,Moscow,Russia,48961.06,2025-04-04,63,37,6,637.92,"Zara, Levis",Dresses,106.32,0.3,0.55,Mobile,6,2,0,1
390,391,22,Male,Riyadh,Saudi Arabia,17732.41,2025-03-17,81,1,17,2037.96,"H&M, Zara",T-Shirts,119.88,0.16,0.52,"Mobile, Desktop",34,12,0,2
391,392,40,Female,Bangalore,India,67668.93,2024-09-13,266,7,12,1210.68,"Levis, H&M",Dresses,100.89,0.38,0.34,"Desktop, Mobile",12,5,0,0
392,393,58,Male,Helsinki,Finland,50203.9,2023-11-18,566,59,7,346.78,"H&M, Levis",Jeans,49.54,0.22,0.48,"Desktop, Mobile",14,5,0,4
393,394,30,Female,Vancouver,Canada,37891.65,2025-06-01,5,49,9,1015.83,"Levis, H&M",Dresses,112.87,0.03,0.27,"Mobile, Desktop",27,9,0,0
394,395,29,Female,Osaka,Japan,29462.75,2023-06-25,712,15,15,421.2,"H&M, Levis",Accessories,28.08,0.48,0.57,"Desktop, Mobile",45,13,0,0
395,396,57,Female,Los Angeles,USA,46547.64,2025-03-02,96,24,12,992.88,"H&M, Zara",Accessories,82.74,0.17,0.36,Desktop,24,13,0,0
396,397,46,Male,Los Angeles,USA,72993.22,2025-03-29,69,33,8,279.84,"Zara, H&M",T-Shirts,34.98,0.11,0.0,Desktop,24,6,0,2
397,398,39,Male,Chicago,USA,77259.9,2023-07-09,698,50,10,463.5,"H&M, Zara",T-Shirts,46.35,0.08,0.38,"Desktop, Mobile",20,7,0,2
398,399,54,Female,Munich,Germany,54183.19,2025-05-02,35,17,6,692.22,"Levis, Zara",Accessories,115.37,0.29,0.44,"Mobile, Desktop",18,4,0,1
399,400,65,Female,Athens,Greece,36166.08,2024-04-15,417,29,10,711.0,"Zara, Levis",Accessories,71.1,0.26,0.43,Desktop,20,7,0,1
400,401,61,Male,Jakarta,Indonesia,36273.94,2024-10-12,237,8,16,1013.12,"Zara, Levis",Jeans,63.32,0.07,0.49,"Desktop, Mobile",48,15,0,4
401,402,30,Male,Munich,Germany,32238.04,2025-05-05,32,64,5,508.15,"Zara, Levis",Jeans,101.63,0.39,0.46,"Desktop, Mobile",5,1,2,4
402,403,30,Female,Vancouver,Canada,48857.35,2024-06-27,344,26,16,713.76,"Levis, H&M",Accessories,44.61,0.5,0.23,"Mobile, Desktop",16,6,0,0
403,404,53,Female,Singapore,Singapore,55263.63,2024-01-08,515,26,18,1035.72,"Levis, H&M",Accessories,57.54,0.08,0.35,Desktop,36,11,0,0
404,405,20,Female,Berlin,Germany,21840.1,2025-03-27,71,168,5,139.3,"Levis, Zara",Accessories,27.86,0.27,0.44,"Desktop, Mobile",5,1,2,3
405,406,41,Female,Zurich,Switzerland,64846.23,2023-07-07,700,23,7,324.31,"Zara, Levis",Accessories,46.33,0.48,0.4,Desktop,21,6,0,1
406,407,60,Male,Jakarta,Indonesia,64106.37,2024-09-19,260,27,15,1562.25,"H&M, Levis",T-Shirts,104.15,0.25,0.49,"Mobile, Desktop",30,12,0,2
407,408,27,Male,Rotterdam,Netherlands,34639.65,2024-10-19,230,5,13,667.16,"H&M, Levis",T-Shirts,51.32,0.44,0.28,Mobile,26,12,0,2
408,409,63,Male,Singapore,Singapore,55742.47,2024-08-27,283,53,5,350.85,"Zara, Levis",Jeans,70.17,0.25,0.4,"Mobile, Desktop",5,2,1,4
409,410,47,Male,Copenhagen,Denmark,25353.67,2024-11-21,197,29,19,1052.22,"Levis, Zara",T-Shirts,55.38,0.18,0.3,"Desktop, Mobile",38,18,0,2
410,411,32,Female,Manchester,UK,20730.48,2024-04-04,428,21,10,590.8,"H&M, Zara",Accessories,59.08,0.07,0.41,"Mobile, Desktop",20,6,0,0
411,412,28,Female,Rotterdam,Netherlands,47059.99,2023-11-29,555,5,20,1008.2,"H&M, Levis",Dresses,50.41,0.27,0.4,Desktop,60,25,0,0
412,413,19,Male,Moscow,Russia,24749.89,2024-04-01,431,24,20,556.8,"Levis, Zara",T-Shirts,27.84,0.36,0.34,Mobile,20,7,0,2
413,414,42,Male,Paris,France,72013.34,2023-06-27,710,10,18,727.2,"Zara, Levis",T-Shirts,40.4,0.06,0.27,Desktop,54,27,0,2
414,415,24,Female,Seoul,South Korea,26537.43,2024-09-21,258,127,2,112.66,"Levis, Zara",Dresses,56.33,0.95,0.7,Desktop,2,0,0,3
415,416,59,Female,Cape Town,South Africa,33152.87,2025-04-21,46,32,2,163.4,"H&M, Zara",Dresses,81.7,0.68,0.62,"Desktop, Mobile",2,0,2,3
416,417,58,Male,Brussels,Belgium,42217.1,2023-12-20,534,111,3,141.96,"H&M, Zara",Jeans,47.32,0.89,0.68,"Mobile, Desktop",6,3,0,3
417,418,34,Female,Johannesburg,South Africa,42518.9,2023-10-03,612,88,2,166.58,"H&M, Zara",Accessories,83.29,0.54,0.7,"Desktop, Mobile",6,2,2,3
418,419,60,Male,Tokyo,Japan,47756.05,2024-02-11,481,30,19,1802.53,"Levis, H&M",Jeans,94.87,0.15,0.12,Mobile,38,20,0,4
419,420,61,Female,Seoul,South Korea,52788.53,2023-08-24,652,39,8,408.56,"Zara, Levis",Accessories,51.07,0.27,0.1,Mobile,16,8,0,1
420,421,50,Male,Lisbon,Portugal,45150.52,2024-03-30,433,3,12,594.48,"H&M, Zara",T-Shirts,49.54,0.46,0.11,Desktop,36,17,0,2
421,422,53,Female,Johannesburg,South Africa,39782.41,2023-06-10,727,19,13,414.7,"Zara, Levis",Dresses,31.9,0.41,0.6,"Mobile, Desktop",39,13,0,1
422,423,64,Female,Dubai,UAE,41763.82,2025-02-04,122,17,19,1008.9,"Zara, H&M",Dresses,53.1,0.3,0.22,"Mobile, Desktop",38,22,0,0
423,424,65,Female,Milan,Italy,53612.58,2023-07-08,699,15,20,1784.6,"H&M, Zara",Accessories,89.23,0.01,0.41,"Mobile, Desktop",60,19,0,0
424,425,38,Male,Lisbon,Portugal,49188.92,2023-12-15,539,15,14,555.66,"H&M, Levis",T-Shirts,39.69,0.12,0.38,Desktop,14,4,0,2
425,426,25,Male,Amsterdam,Netherlands,29925.81,2024-12-05,183,9,11,1020.03,"Levis, Zara",Jeans,92.73,0.2,0.24,"Mobile, Desktop",33,9,0,4
426,427,26,Male,London,UK,58487.16,2023-10-31,584,22,14,1374.66,"Levis, H&M",T-Shirts,98.19,0.42,0.39,Desktop,28,6,0,2
427,428,47,Female,Warsaw,Poland,57534.7,2024-02-21,471,21,19,911.62,"Zara, H&M",Accessories,47.98,0.37,0.49,Mobile,19,4,0,0
428,429,18,Female,Lyon,France,18466.55,2023-06-24,713,30,19,1236.14,"Levis, H&M",Dresses,65.06,0.18,0.37,Desktop,38,12,0,0
429,430,27,Female,Prague,Czech Republic,39444.96,2025-04-06,61,15,6,584.76,"H&M, Levis",Accessories,97.46,0.11,0.22,Desktop,6,1,0,3
430,431,39,Male,Copenhagen,Denmark,74400.31,2024-08-24,286,3,11,288.42,"H&M, Zara",Jeans,26.22,0.05,0.35,"Mobile, Desktop",33,10,0,4
431,432,34,Female,Istanbul,Turkey,40919.26,2024-09-23,256,34,6,657.12,"Levis, Zara",Dresses,109.52,0.31,0.07,Desktop,12,3,0,1
432,433,51,Female,New York,USA,65448.22,2023-07-13,694,74,2,88.3,"Levis, Zara",Accessories,44.15,0.78,0.57,Desktop,6,1,2,3
433,434,55,Female,Chicago,USA,46986.56,2023-07-22,685,24,15,1654.95,"Zara, Levis",Accessories,110.33,0.31,0.46,Desktop,15,3,0,1
434,435,25,Female,Madrid,Spain,49980.6,2023-09-09,636,29,7,956.06,"Levis, H&M",Accessories,136.58,0.22,0.6,Mobile,7,3,0,0
435,436,50,Male,New York,USA,44178.39,2023-08-28,648,38,8,272.24,"H&M, Zara",T-Shirts,34.03,0.06,0.32,Desktop,8,4,0,2
436,437,46,Female,Milan,Italy,46568.86,2025-06-02,4,18,20,455.6,"H&M, Zara",Accessories,22.78,0.5,0.22,"Mobile, Desktop",20,8,0,0
437,438,28,Female,Athens,Greece,31090.13,2024-08-26,284,21,14,751.66,"Levis, H&M",Dresses,53.69,0.15,0.3,Mobile,42,16,0,0
438,439,24,Female,Zurich,Switzerland,15000.0,2024-10-12,237,58,9,1047.42,"Levis, H&M",Accessories,116.38,0.16,0.24,"Mobile, Desktop",27,8,0,0
439,440,53,Female,Bangkok,Thailand,28612.04,2024-08-09,301,40,6,128.88,"H&M, Levis",Dresses,21.48,0.15,0.42,"Mobile, Desktop",12,5,0,0
440,441,48,Female,Brussels,Belgium,61753.92,2025-02-14,112,18,17,1660.05,"Zara, Levis",Dresses,97.65,0.03,0.49,"Desktop, Mobile",34,13,0,1
441,442,45,Female,Geneva,Switzerland,53040.45,2025-04-15,52,36,5,102.4,"H&M, Zara",Accessories,20.48,0.46,0.55,Mobile,15,7,0,3
442,443,49,Female,London,UK,52623.5,2023-06-07,730,4,13,937.82,"Levis, Zara",Accessories,72.14,0.19,0.6,"Desktop, Mobile",26,5,0,1
443,444,29,Male,Vancouver,Canada,38841.34,2024-05-27,375,49,7,883.89,"H&M, Levis",T-Shirts,126.27,0.49,0.36,Mobile,21,11,0,2
444,445,19,Female,Lyon,France,18400.77,2024-05-04,398,16,7,912.24,"H&M, Zara",Dresses,130.32,0.24,0.26,Mobile,21,12,0,0
445,446,39,Female,Melbourne,Australia,51337.73,2023-06-21,716,17,10,1204.9,"Levis, Zara",Dresses,120.49,0.49,0.21,Mobile,10,2,0,1
446,447,20,Female,Bangalore,India,28580.41,2024-01-28,495,6,12,504.48,"Levis, Zara",Accessories,42.04,0.36,0.34,Desktop,12,4,0,1
447,448,25,Female,Manchester,UK,52562.34,2023-11-23,561,25,6,234.66,"Zara, Levis",Dresses,39.11,0.46,0.38,Desktop,6,1,0,1
448,449,48,Female,New York,USA,57806.01,2024-01-15,508,20,7,603.05,"Levis, Zara",Dresses,86.15,0.44,0.46,"Mobile, Desktop",14,6,0,1
449,450,26,Female,New York,USA,35026.42,2025-03-30,68,13,16,2256.96,"H&M, Zara",Accessories,141.06,0.12,0.14,"Mobile, Desktop",48,11,0,0
450,451,38,Female,Berlin,Germany,40396.88,2023-09-16,629,166,1,120.53,"H&M, Zara",Accessories,120.53,0.62,0.83,"Mobile, Desktop",1,0,0,3
451,452,27,Female,Seoul,South Korea,61547.28,2024-01-16,507,51,8,816.0,"Zara, Levis",Accessories,102.0,0.44,0.26,"Desktop, Mobile",24,14,0,1
452,453,52,Female,Barcelona,Spain,48043.33,2024-06-05,366,11,17,2305.2,"H&M, Levis",Dresses,135.6,0.14,0.34,"Mobile, Desktop",17,9,0,0
453,454,37,Male,Singapore,Singapore,48563.3,2024-09-23,256,152,5,631.15,"Zara, H&M",Jeans,126.23,0.27,0.59,"Mobile, Desktop",15,7,2,3
454,455,55,Female,Copenhagen,Denmark,37524.19,2023-10-26,589,6,15,2022.75,"H&M, Levis",Dresses,134.85,0.21,0.27,Mobile,15,4,0,0
455,456,41,Female,Mumbai,India,71224.59,2024-06-20,351,11,16,1552.96,"H&M, Zara",Dresses,97.06,0.12,0.54,Mobile,32,17,0,0
456,457,42,Male,Milan,Italy,67224.46,2024-09-22,257,60,7,891.45,"Zara, H&M",T-Shirts,127.35,0.14,0.38,"Desktop, Mobile",7,1,0,2
457,458,24,Female,Lyon,France,30658.7,2024-06-11,360,1,20,2010.4,"Zara, Levis",Dresses,100.52,0.02,0.41,"Desktop, Mobile",20,11,0,1
458,459,59,Female,Bangkok,Thailand,35384.86,2024-08-02,308,20,19,1108.65,"Zara, Levis",Dresses,58.35,0.33,0.27,Mobile,38,11,0,1
459,460,59,Female,Rome,Italy,47382.66,2024-12-27,161,27,13,1897.35,"H&M, Levis",Dresses,145.95,0.06,0.57,"Mobile, Desktop",13,6,0,0
460,461,36,Male,Rotterdam,Netherlands,62209.15,2024-10-25,224,26,20,2314.2,"Zara, H&M",T-Shirts,115.71,0.41,0.38,Desktop,60,13,0,2
461,462,32,Female,New York,USA,22869.52,2025-02-20,106,14,17,866.66,"Levis, Zara",Accessories,50.98,0.38,0.34,"Mobile, Desktop",34,10,0,1
462,463,64,Male,Barcelona,Spain,39676.4,2023-07-16,691,33,9,844.65,"Zara, Levis",T-Shirts,93.85,0.33,0.36,Desktop,18,10,0,2
463,464,25,Female,Berlin,Germany,22239.12,2024-06-17,354,58,9,1016.64,"H&M, Levis",Accessories,112.96,0.24,0.31,"Desktop, Mobile",9,3,0,0
464,465,18,Male,Jakarta,Indonesia,25943.11,2024-01-19,504,8,18,2124.18,"Levis, Zara",Jeans,118.01,0.02,0.46,"Desktop, Mobile",54,27,0,4
465,466,27,Female,Vancouver,Canada,34501.72,2023-06-24,713,60,8,1093.68,"Levis, Zara",Dresses,136.71,0.06,0.35,"Mobile, Desktop",16,7,0,1
466,467,30,Male,Prague,Czech Republic,41856.46,2024-09-20,259,45,10,979.5,"Levis, H&M",Jeans,97.95,0.41,0.59,"Desktop, Mobile",30,12,0,4
467,468,47,Female,Doha,Qatar,55769.47,2024-08-01,309,15,9,246.96,"H&M, Levis",Dresses,27.44,0.49,0.12,Desktop,27,12,0,0
468,469,43,Male,Brussels,Belgium,46821.34,2024-12-04,184,176,3,88.53,"H&M, Levis",Jeans,29.51,0.73,0.66,"Desktop, Mobile",6,1,1,3
469,470,21,Female,Rotterdam,Netherlands,20990.76,2024-07-03,338,24,6,325.08,"Zara, H&M",Dresses,54.18,0.32,0.1,"Mobile, Desktop",18,5,0,3
470,471,29,Male,Riyadh,Saudi Arabia,48683.8,2023-11-24,560,4,19,1139.24,"Levis, Zara",T-Shirts,59.96,0.15,0.58,"Mobile, Desktop",38,15,0,2
471,472,60,Male,Vienna,Austria,72601.77,2025-02-25,101,17,18,2161.26,"Zara, H&M",T-Shirts,120.07,0.44,0.48,"Desktop, Mobile",36,7,0,2
472,473,29,Female,Amsterdam,Netherlands,34742.01,2024-01-17,506,8,14,1772.26,"Levis, H&M",Accessories,126.59,0.41,0.43,"Desktop, Mobile",42,12,0,0
473,474,52,Male,Barcelona,Spain,46776.54,2023-09-07,638,11,19,600.21,"Zara, Levis",T-Shirts,31.59,0.17,0.49,Desktop,19,3,0,2
474,475,48,Female,Budapest,Hungary,62642.79,2023-08-14,662,12,13,840.06,"Levis, H&M",Accessories,64.62,0.11,0.44,Mobile,26,7,0,0
475,476,25,Male,Riyadh,Saudi Arabia,37448.85,2023-08-15,661,50,10,503.6,"Levis, Zara",Jeans,50.36,0.33,0.51,"Mobile, Desktop",20,9,0,4
476,477,36,Female,Copenhagen,Denmark,51723.66,2024-02-12,480,18,17,1863.37,"Levis, Zara",Accessories,109.61,0.43,0.41,"Desktop, Mobile",17,10,0,1
477,478,49,Female,Copenhagen,Denmark,54748.94,2025-05-11,26,38,9,236.25,"H&M, Zara",Dresses,26.25,0.19,0.36,Desktop,18,8,0,0
478,479,34,Female,Munich,Germany,32732.41,2023-08-20,656,28,8,203.44,"Zara, Levis",Accessories,25.43,0.37,0.33,Desktop,24,5,0,1
479,480,45,Male,Helsinki,Finland,48259.09,2024-03-27,436,71,2,68.0,"H&M, Levis",Jeans,34.0,0.87,0.66,Mobile,4,1,0,3
480,481,57,Female,Doha,Qatar,37685.63,2025-02-22,104,146,5,136.05,"Zara, H&M",Accessories,27.21,0.16,0.46,"Mobile, Desktop",10,2,1,3
481,482,58,Male,Riyadh,Saudi Arabia,43400.95,2023-12-18,536,16,14,1527.4,"H&M, Zara",Jeans,109.1,0.48,0.19,Mobile,14,6,0,4
482,483,41,Female,Istanbul,Turkey,62517.31,2024-10-29,220,5,16,1288.48,"Zara, H&M",Dresses,80.53,0.17,0.36,Desktop,16,5,0,0
483,484,35,Male,Toronto,Canada,59692.5,2024-05-17,385,21,6,738.12,"Zara, Levis",T-Shirts,123.02,0.32,0.5,"Mobile, Desktop",6,1,0,2
484,485,21,Male,Tokyo,Japan,18980.09,2024-02-03,489,46,7,357.0,"H&M, Zara",T-Shirts,51.0,0.49,0.42,"Mobile, Desktop",7,2,0,2
485,486,21,Male,Dubai,UAE,33125.96,2024-07-14,327,160,2,142.48,"H&M, Levis",T-Shirts,71.24,0.92,0.61,Mobile,6,1,2,3
486,487,37,Female,Cape Town,South Africa,58919.73,2023-07-09,698,19,20,590.2,"Levis, Zara",Dresses,29.51,0.3,0.53,"Desktop, Mobile",60,31,0,1
487,488,55,Male,Warsaw,Poland,50520.36,2023-09-21,624,22,19,2599.39,"Levis, H&M",Jeans,136.81,0.3,0.54,Mobile,38,19,0,4
488,489,53,Male,Seoul,South Korea,41965.28,2023-06-18,719,12,16,1167.84,"Zara, Levis",T-Shirts,72.99,0.44,0.4,"Desktop, Mobile",48,23,0,2
489,490,27,Female,London,UK,55296.87,2024-10-19,230,8,13,1394.25,"Zara, H&M",Accessories,107.25,0.2,0.51,"Desktop, Mobile",13,6,0,0
490,491,39,Female,Johannesburg,South Africa,39460.53,2024-02-05,487,4,19,900.22,"Zara, Levis",Dresses,47.38,0.43,0.55,"Desktop, Mobile",38,15,0,1
491,492,35,Female,Manchester,UK,83050.83,2024-07-07,334,29,16,837.92,"Levis, H&M",Accessories,52.37,0.44,0.42,Desktop,32,12,0,0
492,493,42,Male,Stockholm,Sweden,18797.69,2024-04-01,431,16,9,1143.54,"H&M, Zara",Jeans,127.06,0.14,0.35,Mobile,9,4,0,4
493,494,21,Female,Moscow,Russia,28759.62,2024-05-15,387,1,14,880.18,"Levis, Zara",Dresses,62.87,0.29,0.4,"Desktop, Mobile",42,22,0,1
494,495,25,Female,Amsterdam,Netherlands,58436.46,2023-06-21,716,70,5,194.65,"H&M, Levis",Accessories,38.93,0.28,0.1,"Desktop, Mobile",5,1,1,3
495,496,18,Male,Shanghai,China,28050.7,2025-01-27,130,45,7,757.05,"Levis, Zara",Jeans,108.15,0.11,0.4,"Mobile, Desktop",21,7,0,4
496,497,42,Female,Johannesburg,South Africa,55929.96,2025-04-06,61,61,5,276.45,"Zara, Levis",Accessories,55.29,0.28,0.21,Desktop,5,2,2,1
497,498,45,Male,Berlin,Germany,34513.18,2024-05-19,383,8,15,2050.2,"Levis, Zara",T-Shirts,136.68,0.16,0.46,"Desktop, Mobile",30,8,0,2
498,499,53,Female,Tokyo,Japan,41053.49,2023-12-20,534,58,10,800.7,"Levis, Zara",Accessories,80.07,0.06,0.31,Mobile,30,7,0,1
499,500,57,Female,Melbourne,Australia,45868.05,2024-12-06,182,6,16,997.12,"H&M, Levis",Accessories,62.32,0.09,0.25,Desktop,16,8,0,0
